label,r_half,r_full_spearman_brown,n_half_reliable,design_effect
whiff,0.4515090924409464,0.6221236846428032,1260,1.12353783792699
chase,0.3655690884916333,0.5354091441765572,1299,1.1146899316291334
gb,0.3402831579917539,0.507778010881858,973,1.0318257265844109
weak,0.1725462116422056,0.2943102965648519,973,1.0515450005024092
calledstrike,0.2938776165713758,0.4542587533898563,1306,1.0
timing,0.4759718825172435,0.6449606366558718,1192,1.0867744473582923
align,0.2216551468437141,0.362876786327771,1192,1.1582974495766707
whiffmiss,0.4836039217645705,0.6519313068266646,775,1.063291682326292
deception_plus,0.5988090579993428,0.7490688834958914,1252,
timingdir,0.7722770181182537,0.8715082464232735,1251,1.4271589177358142
